NOME;TELEFONO;LINK_WHATSAPP;SITO;COMUNE;DATA
Pizzeria Roma (ESEMPIO);045 000 0000;https://wa.me/393000000000?text=Buongiorno%2C%20sono%20di%20HubTec.%20Ho%20visto%20che%20Pizzeria%20Roma%20ha%20ottime%20recensioni%20ma%20nessun%20sito%20web%2C%20cosi%20ne%20ho%20preparato%20uno%20gia%20pronto%20per%20voi%3A%20https%3A//hubtecit-srl.github.io/website/il-vicoletto-trattoria-verona.html%20%E2%80%94%20se%20vi%20piace%20e%20vostro%20a%20600%20euro%20una%20tantum%2C%20senza%20impegno.%20Fatemi%20sapere%21;https://hubtecit-srl.github.io/website/il-vicoletto-trattoria-verona.html;Verona;2026-07-17
Studio dentistico Dott. Erbisti Lorenzo;389 822 3174;https://wa.me/393898223174?text=Buongiorno%2C%20sono%20di%20HubTec.%20Ho%20visto%20che%20Studio%20dentistico%20Dott.%20Erbisti%20Lorenzo%20e%20presente%20su%20Google%20ma%20senza%20un%20sito%20web%2C%20cosi%20ne%20ho%20preparato%20uno%20gia%20pronto%20per%20voi%3A%20https%3A//hubtecit-srl.github.io/website/studio-erbisti-affi.html%20-%20se%20vi%20piace%20e%20vostro%20a%20600%20euro%20una%20tantum%2C%20senza%20impegno.%20Fatemi%20sapere%21%20%28Per%20non%20ricevere%20altri%20messaggi%2C%20rispondete%20STOP%29;https://hubtecit-srl.github.io/website/studio-erbisti-affi.html;Affi;2026-07-17
LOVED centro estetico;339 609 9603;https://wa.me/393396099603?text=Buongiorno%2C%20sono%20di%20HubTec.%20Ho%20visto%20che%20LOVED%20centro%20estetico%20ha%20ottime%20recensioni%20ma%20nessun%20sito%20web%2C%20cosi%20ne%20ho%20preparato%20uno%20gia%20pronto%20per%20voi%3A%20https%3A//hubtecit-srl.github.io/website/loved-centro-estetico-affi.html%20-%20se%20vi%20piace%20e%20vostro%20a%20600%20euro%20una%20tantum%2C%20senza%20impegno.%20Fatemi%20sapere%21%20%28Per%20non%20ricevere%20altri%20messaggi%2C%20rispondete%20STOP%29;https://hubtecit-srl.github.io/website/loved-centro-estetico-affi.html;Affi;2026-07-18
Elena Uno Stile;329 755 5933;https://wa.me/393297555933?text=Buongiorno%2C%20sono%20di%20HubTec.%20Ho%20visto%20che%20Elena%20Uno%20Stile%20ha%20ottime%20recensioni%20ma%20nessun%20sito%20web%2C%20cosi%20ne%20ho%20preparato%20uno%20gia%20pronto%20per%20voi%3A%20https%3A//hubtecit-srl.github.io/website/elena-uno-stile-affi.html%20-%20se%20vi%20piace%20e%20vostro%20a%20600%20euro%20una%20tantum%2C%20senza%20impegno.%20Fatemi%20sapere%21%20%28Per%20non%20ricevere%20altri%20messaggi%2C%20rispondete%20STOP%29;https://hubtecit-srl.github.io/website/elena-uno-stile-affi.html;Affi;2026-07-20
Bicigrill Affi;347 409 5651;https://wa.me/393474095651?text=Buongiorno%2C%20sono%20di%20HubTec.%20Ho%20visto%20che%20Bicigrill%20Affi%20ha%20ottime%20recensioni%20ma%20nessun%20sito%20web%2C%20cosi%20ne%20ho%20preparato%20uno%20gia%20pronto%20per%20voi%3A%20https%3A//hubtecit-srl.github.io/website/bicigrill-affi.html%20-%20se%20vi%20piace%20lo%20attiviamo%20con%20soli%20200%20euro%20una%20tantum%2C%20e%20con%20100%20euro%20in%20piu%20avete%20un%20gestionale%20per%20aggiornarlo%20da%20soli%20%28testi%2C%20foto%2C%20orari%29.%20Fatemi%20sapere%21%20%28Per%20non%20ricevere%20altri%20messaggi%2C%20rispondete%20STOP%29;https://hubtecit-srl.github.io/website/bicigrill-affi.html;Affi;2026-07-20
Estetica Ego (di Saggiotto Simonetta);370 166 1259;https://wa.me/393701661259?text=Buongiorno%2C%20sono%20di%20HubTec.%20Ho%20visto%20che%20Estetica%20Ego%20%28di%20Saggiotto%20Simonetta%29%20ha%20ottime%20recensioni%20ma%20nessun%20sito%20web%2C%20cosi%20ne%20ho%20preparato%20uno%20gia%20pronto%20per%20voi%3A%20https%3A//hubtecit-srl.github.io/website/estetica-ego-albaredo.html%20-%20se%20vi%20piace%20lo%20attiviamo%20con%20soli%20200%20euro%20una%20tantum%2C%20e%20con%20100%20euro%20in%20piu%20avete%20un%20gestionale%20per%20aggiornarlo%20da%20soli%20%28testi%2C%20foto%2C%20orari%29.%20Fatemi%20sapere%21%20%28Per%20non%20ricevere%20altri%20messaggi%2C%20rispondete%20STOP%29;https://hubtecit-srl.github.io/website/estetica-ego-albaredo.html;Albaredo d'Adige;2026-07-20
Osteria Dogana dal 1969;338 217 9295;https://wa.me/393382179295?text=Buongiorno%2C%20sono%20di%20HubTec.%20Ho%20visto%20che%20Osteria%20Dogana%20dal%201969%20ha%20ottime%20recensioni%20ma%20nessun%20sito%20web%2C%20cosi%20ne%20ho%20preparato%20uno%20gia%20pronto%20per%20voi%3A%20https%3A//hubtecit-srl.github.io/website/osteria-dogana-albaredo.html%20-%20se%20vi%20piace%20lo%20attiviamo%20con%20soli%20200%20euro%20una%20tantum%2C%20e%20con%20100%20euro%20in%20piu%20avete%20un%20gestionale%20per%20aggiornarlo%20da%20soli%20%28testi%2C%20foto%2C%20orari%29.%20Fatemi%20sapere%21%20%28Per%20non%20ricevere%20altri%20messaggi%2C%20rispondete%20STOP%29;https://hubtecit-srl.github.io/website/osteria-dogana-albaredo.html;Albaredo d'Adige;2026-07-20
Estetica Rachele di Menin Rachele;347 359 8935;https://wa.me/393473598935?text=Buongiorno%2C%20sono%20di%20HubTec.%20Ho%20visto%20che%20Estetica%20Rachele%20di%20Menin%20Rachele%20ha%20ottime%20recensioni%20ma%20nessun%20sito%20web%2C%20cosi%20ne%20ho%20preparato%20uno%20gia%20pronto%20per%20voi%3A%20https%3A//hubtecit-srl.github.io/website/estetica-rachele-albaredo.html%20-%20se%20vi%20piace%20lo%20attiviamo%20con%20soli%20200%20euro%20una%20tantum%2C%20e%20con%20100%20euro%20in%20piu%20avete%20un%20gestionale%20per%20aggiornarlo%20da%20soli%20%28testi%2C%20foto%2C%20orari%29.%20Fatemi%20sapere%21%20%28Per%20non%20ricevere%20altri%20messaggi%2C%20rispondete%20STOP%29;https://hubtecit-srl.github.io/website/estetica-rachele-albaredo.html;Albaredo d'Adige;2026-07-20
Salone Andrea Di Soffiati Andrea;391 300 5001;https://wa.me/393913005001?text=Buongiorno%2C%20sono%20di%20HubTec.%20Ho%20visto%20che%20Salone%20Andrea%20Di%20Soffiati%20Andrea%20ha%20ottime%20recensioni%20ma%20nessun%20sito%20web%2C%20cosi%20ne%20ho%20preparato%20uno%20gia%20pronto%20per%20voi%3A%20https%3A//hubtecit-srl.github.io/website/salone-andrea-albaredo.html%20-%20se%20vi%20piace%20lo%20attiviamo%20con%20soli%20200%20euro%20una%20tantum%2C%20e%20con%20100%20euro%20in%20piu%20avete%20un%20gestionale%20per%20aggiornarlo%20da%20soli%20%28testi%2C%20foto%2C%20orari%29.%20Fatemi%20sapere%21%20%28Per%20non%20ricevere%20altri%20messaggi%2C%20rispondete%20STOP%29;https://hubtecit-srl.github.io/website/salone-andrea-albaredo.html;Albaredo d'Adige;2026-07-20
Hamburgeria;370 150 8787;https://wa.me/393701508787?text=Buongiorno%2C%0ASono%20Laura%20di%20HubTec%2C%20azienda%20di%20Verona.%0A%0AHo%20notato%20che%20avete%20ottime%20recensioni%20ma%20nessun%20sito%20web%2C%20cosi%20ne%20ho%20gia%20preparato%20uno%20per%20voi%2C%20potete%20vederlo%20qui%3A%20https%3A//hubtecit-srl.github.io/website/hamburgeria-affi.html%0A%0ASe%20vi%20piace%2C%20lo%20attiviamo%20con%20soli%20200%E2%82%AC.%0A%0AIn%20piu%2C%20se%20volete%20gestirlo%20in%20autonomia%20%28cambiare%20testi%2C%20foto%2C%20orari%E2%80%A6%29%2C%20possiamo%20aggiungere%20un%20gestionale%20semplice%20a%20soli%20100%E2%82%AC.%0A%0AChiaramente%20lo%20possiamo%20modificare%20con%20logo%20e%20altri%20minimi%20dettagli%20vostri.%0A%0ANessun%20impegno%3A%20dateci%20un%27occhiata%20e%20fatemi%20sapere%20cosa%20ne%20pensate%21%0A%0ALaura%20Borin%20-%20HubTec;https://hubtecit-srl.github.io/website/hamburgeria-affi.html;Affi;2026-07-20
Civico Sei;389 040 5001;https://wa.me/393890405001?text=Buongiorno%2C%0ASono%20Laura%20di%20HubTec%2C%20azienda%20di%20Verona.%0A%0AHo%20notato%20che%20avete%20ottime%20recensioni%20ma%20nessun%20sito%20web%2C%20cosi%20ne%20ho%20gia%20preparato%20uno%20per%20voi%2C%20potete%20vederlo%20qui%3A%20https%3A//hubtecit-srl.github.io/website/civico-sei-albaredo.html%0A%0ASe%20vi%20piace%2C%20lo%20attiviamo%20con%20soli%20200%E2%82%AC.%0A%0AIn%20piu%2C%20se%20volete%20gestirlo%20in%20autonomia%20%28cambiare%20testi%2C%20foto%2C%20orari%E2%80%A6%29%2C%20possiamo%20aggiungere%20un%20gestionale%20semplice%20a%20soli%20100%E2%82%AC.%0A%0AChiaramente%20lo%20possiamo%20modificare%20con%20logo%20e%20altri%20minimi%20dettagli%20vostri.%0A%0ANessun%20impegno%3A%20dateci%20un%27occhiata%20e%20fatemi%20sapere%20cosa%20ne%20pensate%21%0A%0ALaura%20Borin%20-%20HubTec;https://hubtecit-srl.github.io/website/civico-sei-albaredo.html;Albaredo d'Adige;2026-07-20
Barber Chalada;349 284 1982;https://wa.me/393492841982?text=Buongiorno%2C%0ASono%20Laura%20di%20HubTec%2C%20azienda%20di%20Verona.%0A%0AHo%20notato%20che%20avete%20ottime%20recensioni%20ma%20nessun%20sito%20web%2C%20cosi%20ne%20ho%20gia%20preparato%20uno%20per%20voi%2C%20potete%20vederlo%20qui%3A%20https%3A//hubtecit-srl.github.io/website/barber-chalada-albaredo.html%0A%0ASe%20vi%20piace%2C%20lo%20attiviamo%20con%20soli%20200%E2%82%AC.%0A%0AIn%20piu%2C%20se%20volete%20gestirlo%20in%20autonomia%20%28cambiare%20testi%2C%20foto%2C%20orari%E2%80%A6%29%2C%20possiamo%20aggiungere%20un%20gestionale%20semplice%20a%20soli%20100%E2%82%AC.%0A%0AChiaramente%20lo%20possiamo%20modificare%20con%20logo%20e%20altri%20minimi%20dettagli%20vostri.%0A%0ANessun%20impegno%3A%20dateci%20un%27occhiata%20e%20fatemi%20sapere%20cosa%20ne%20pensate%21%0A%0ALaura%20Borin%20-%20HubTec;https://hubtecit-srl.github.io/website/barber-chalada-albaredo.html;Albaredo d'Adige;2026-07-20
Love the hair di Rossignoli Tania;345 129 6078;https://wa.me/393451296078?text=Buongiorno%2C%0ASono%20Laura%20di%20HubTec%2C%20azienda%20di%20Verona.%0A%0AHo%20notato%20che%20avete%20ottime%20recensioni%20ma%20nessun%20sito%20web%2C%20cosi%20ne%20ho%20gia%20preparato%20uno%20per%20voi%2C%20potete%20vederlo%20qui%3A%20https%3A//hubtecit-srl.github.io/website/love-the-hair-albaredo.html%0A%0ASe%20vi%20piace%2C%20lo%20attiviamo%20con%20soli%20200%E2%82%AC.%0A%0AIn%20piu%2C%20se%20volete%20gestirlo%20in%20autonomia%20%28cambiare%20testi%2C%20foto%2C%20orari%E2%80%A6%29%2C%20possiamo%20aggiungere%20un%20gestionale%20semplice%20a%20soli%20100%E2%82%AC.%0A%0AChiaramente%20lo%20possiamo%20modificare%20con%20logo%20e%20altri%20minimi%20dettagli%20vostri.%0A%0ANessun%20impegno%3A%20dateci%20un%27occhiata%20e%20fatemi%20sapere%20cosa%20ne%20pensate%21%0A%0ALaura%20Borin%20-%20HubTec;https://hubtecit-srl.github.io/website/love-the-hair-albaredo.html;Albaredo d'Adige;2026-07-21
Sensity Beauty Fashion;351 807 5347;https://wa.me/393518075347?text=Buongiorno%2C%0ASono%20Laura%20di%20HubTec%2C%20azienda%20di%20Verona.%0A%0AHo%20notato%20che%20avete%20ottime%20recensioni%20ma%20nessun%20sito%20web%2C%20cosi%20ne%20ho%20gia%20preparato%20uno%20per%20voi%2C%20potete%20vederlo%20qui%3A%20https%3A//hubtecit-srl.github.io/website/sensity-beauty-fashion-arcole.html%0A%0ASe%20vi%20piace%2C%20lo%20attiviamo%20con%20soli%20200%E2%82%AC.%0A%0AIn%20piu%2C%20se%20volete%20gestirlo%20in%20autonomia%20%28cambiare%20testi%2C%20foto%2C%20orari%E2%80%A6%29%2C%20possiamo%20aggiungere%20un%20gestionale%20semplice%20a%20soli%20100%E2%82%AC.%0A%0AChiaramente%20lo%20possiamo%20modificare%20con%20logo%20e%20altri%20minimi%20dettagli%20vostri.%0A%0ANessun%20impegno%3A%20dateci%20un%27occhiata%20e%20fatemi%20sapere%20cosa%20ne%20pensate%21%0A%0ALaura%20Borin%20-%20HubTec;https://hubtecit-srl.github.io/website/sensity-beauty-fashion-arcole.html;Arcole;2026-07-21
Acconciature Federica;340 101 8501;https://wa.me/393401018501?text=Buongiorno%2C%0ASono%20Laura%20di%20HubTec%2C%20azienda%20di%20Verona.%0A%0AHo%20notato%20che%20avete%20ottime%20recensioni%20ma%20nessun%20sito%20web%2C%20cosi%20ne%20ho%20gia%20preparato%20uno%20per%20voi%2C%20potete%20vederlo%20qui%3A%20https%3A//hubtecit-srl.github.io/website/acconciature-federica-arcole.html%0A%0ASe%20vi%20piace%2C%20lo%20attiviamo%20con%20soli%20200%E2%82%AC.%0A%0AIn%20piu%2C%20se%20volete%20gestirlo%20in%20autonomia%20%28cambiare%20testi%2C%20foto%2C%20orari%E2%80%A6%29%2C%20possiamo%20aggiungere%20un%20gestionale%20semplice%20a%20soli%20100%E2%82%AC.%0A%0AChiaramente%20lo%20possiamo%20modificare%20con%20logo%20e%20altri%20minimi%20dettagli%20vostri.%0A%0ANessun%20impegno%3A%20dateci%20un%27occhiata%20e%20fatemi%20sapere%20cosa%20ne%20pensate%21%0A%0ALaura%20Borin%20-%20HubTec;https://hubtecit-srl.github.io/website/acconciature-federica-arcole.html;Arcole;2026-07-21
Alessandro Hairdresser;324 565 4236;https://wa.me/393245654236?text=Buongiorno%2C%0ASono%20Laura%20di%20HubTec%2C%20azienda%20di%20Verona.%0A%0AHo%20notato%20che%20avete%20ottime%20recensioni%20ma%20nessun%20sito%20web%2C%20cosi%20ne%20ho%20gia%20preparato%20uno%20per%20voi%2C%20potete%20vederlo%20qui%3A%20https%3A//hubtecit-srl.github.io/website/alessandro-hairdresser-bardolino.html%0A%0ASe%20vi%20piace%2C%20lo%20attiviamo%20con%20soli%20200%E2%82%AC.%0A%0AIn%20piu%2C%20se%20volete%20gestirlo%20in%20autonomia%20%28cambiare%20testi%2C%20foto%2C%20orari%E2%80%A6%29%2C%20possiamo%20aggiungere%20un%20gestionale%20semplice%20a%20soli%20100%E2%82%AC.%0A%0AChiaramente%20lo%20possiamo%20modificare%20con%20logo%20e%20altri%20minimi%20dettagli%20vostri.%0A%0ANessun%20impegno%3A%20dateci%20un%27occhiata%20e%20fatemi%20sapere%20cosa%20ne%20pensate%21%0A%0ALaura%20Borin%20-%20HubTec;https://hubtecit-srl.github.io/website/alessandro-hairdresser-bardolino.html;Bardolino;2026-07-21
Estetica Laura;351 809 7016;https://wa.me/393518097016?text=Buongiorno%2C%0ASono%20Laura%20di%20HubTec%2C%20azienda%20di%20Verona.%0A%0AHo%20notato%20che%20avete%20ottime%20recensioni%20ma%20nessun%20sito%20web%2C%20cosi%20ne%20ho%20gia%20preparato%20uno%20per%20voi%2C%20potete%20vederlo%20qui%3A%20https%3A%2F%2Fhubtecit-srl.github.io%2Fwebsite%2Festetica-laura-bardolino.html%0A%0ASe%20vi%20piace%2C%20lo%20attiviamo%20con%20soli%20200%E2%82%AC.%0A%0AIn%20piu%2C%20se%20volete%20gestirlo%20in%20autonomia%20%28cambiare%20testi%2C%20foto%2C%20orari%E2%80%A6%29%2C%20possiamo%20aggiungere%20un%20gestionale%20semplice%20a%20soli%20100%E2%82%AC.%0A%0AChiaramente%20lo%20possiamo%20modificare%20con%20logo%20e%20altri%20minimi%20dettagli%20vostri.%0A%0ANessun%20impegno%3A%20dateci%20un%27occhiata%20e%20fatemi%20sapere%20cosa%20ne%20pensate%21%0A%0ALaura%20Borin%20-%20HubTec;https://hubtecit-srl.github.io/website/estetica-laura-bardolino.html;Bardolino;2026-07-21
Coiffeuse Chiara;347 729 7709;https://wa.me/393477297709?text=Buongiorno%2C%0ASono%20Laura%20di%20HubTec%2C%20azienda%20di%20Verona.%0A%0AHo%20notato%20che%20avete%20ottime%20recensioni%20ma%20nessun%20sito%20web%2C%20cosi%20ne%20ho%20gia%20preparato%20uno%20per%20voi%2C%20potete%20vederlo%20qui%3A%20https%3A//hubtecit-srl.github.io/website/coiffeuse-chiara-bardolino.html%0A%0ASe%20vi%20piace%2C%20lo%20attiviamo%20con%20soli%20200%E2%82%AC.%0A%0AIn%20piu%2C%20se%20volete%20gestirlo%20in%20autonomia%20%28cambiare%20testi%2C%20foto%2C%20orari%E2%80%A6%29%2C%20possiamo%20aggiungere%20un%20gestionale%20semplice%20a%20soli%20100%E2%82%AC.%0A%0AChiaramente%20lo%20possiamo%20modificare%20con%20logo%20e%20altri%20minimi%20dettagli%20vostri.%0A%0ANessun%20impegno%3A%20dateci%20un%27occhiata%20e%20fatemi%20sapere%20cosa%20ne%20pensate%21%0A%0ALaura%20Borin%20-%20HubTec;https://hubtecit-srl.github.io/website/coiffeuse-chiara-bardolino.html;Bardolino;2026-07-21
M.G. Capelli di Mattiazzo Giulia;338 853 1854;https://wa.me/393388531854?text=Buongiorno%2C%0ASono%20Laura%20di%20HubTec%2C%20azienda%20di%20Verona.%0A%0AHo%20notato%20che%20avete%20ottime%20recensioni%20ma%20nessun%20sito%20web%2C%20cosi%20ne%20ho%20gia%20preparato%20uno%20per%20voi%2C%20potete%20vederlo%20qui%3A%20https%3A//hubtecit-srl.github.io/website/mg-capelli-calmasino.html%0A%0ASe%20vi%20piace%2C%20lo%20attiviamo%20con%20soli%20200%E2%82%AC.%0A%0AIn%20piu%2C%20se%20volete%20gestirlo%20in%20autonomia%20%28cambiare%20testi%2C%20foto%2C%20orari%E2%80%A6%29%2C%20possiamo%20aggiungere%20un%20gestionale%20semplice%20a%20soli%20100%E2%82%AC.%0A%0AChiaramente%20lo%20possiamo%20modificare%20con%20logo%20e%20altri%20minimi%20dettagli%20vostri.%0A%0ANessun%20impegno%3A%20dateci%20un%27occhiata%20e%20fatemi%20sapere%20cosa%20ne%20pensate%21%0A%0ALaura%20Borin%20-%20HubTec;https://hubtecit-srl.github.io/website/mg-capelli-calmasino.html;Calmasino;2026-07-21
Interlook Parrucchieri 2.0;388 816 8445;https://wa.me/393888168445?text=Buongiorno%2C%0ASono%20Laura%20di%20HubTec%2C%20azienda%20di%20Verona.%0A%0AHo%20notato%20che%20avete%20ottime%20recensioni%20ma%20nessun%20sito%20web%2C%20cosi%20ne%20ho%20gia%20preparato%20uno%20per%20voi%2C%20potete%20vederlo%20qui%3A%20https%3A//hubtecit-srl.github.io/website/interlook-parrucchieri-2-bardolino.html%0A%0ASe%20vi%20piace%2C%20lo%20attiviamo%20con%20soli%20200%E2%82%AC.%0A%0AIn%20piu%2C%20se%20volete%20gestirlo%20in%20autonomia%20%28cambiare%20testi%2C%20foto%2C%20orari%E2%80%A6%29%2C%20possiamo%20aggiungere%20un%20gestionale%20semplice%20a%20soli%20100%E2%82%AC.%0A%0AChiaramente%20lo%20possiamo%20modificare%20con%20logo%20e%20altri%20minimi%20dettagli%20vostri.%0A%0ANessun%20impegno%3A%20dateci%20un%27occhiata%20e%20fatemi%20sapere%20cosa%20ne%20pensate%21%0A%0ALaura%20Borin%20-%20HubTec;https://hubtecit-srl.github.io/website/interlook-parrucchieri-2-bardolino.html;Bardolino;2026-07-21
Osteria Al Capitel;389 018 6243;https://wa.me/393890186243?text=Buongiorno%2C%0ASono%20Laura%20di%20HubTec%2C%20azienda%20di%20Verona.%0A%0AHo%20notato%20che%20avete%20ottime%20recensioni%20ma%20nessun%20sito%20web%2C%20cosi%20ne%20ho%20gia%20preparato%20uno%20per%20voi%2C%20potete%20vederlo%20qui%3A%20https%3A//hubtecit-srl.github.io/website/osteria-al-capitel-bardolino.html%0A%0ASe%20vi%20piace%2C%20lo%20attiviamo%20con%20soli%20200%E2%82%AC.%0A%0AIn%20piu%2C%20se%20volete%20gestirlo%20in%20autonomia%20%28cambiare%20testi%2C%20foto%2C%20orari%E2%80%A6%29%2C%20possiamo%20aggiungere%20un%20gestionale%20semplice%20a%20soli%20100%E2%82%AC.%0A%0AChiaramente%20lo%20possiamo%20modificare%20con%20logo%20e%20altri%20minimi%20dettagli%20vostri.%0A%0ANessun%20impegno%3A%20dateci%20un%27occhiata%20e%20fatemi%20sapere%20cosa%20ne%20pensate%21%0A%0ALaura%20Borin%20-%20HubTec;https://hubtecit-srl.github.io/website/osteria-al-capitel-bardolino.html;Bardolino;2026-07-22
Locanda Pescadoro;379 176 7708;https://wa.me/393791767708?text=Buongiorno%2C%0ASono%20Laura%20di%20HubTec%2C%20azienda%20di%20Verona.%0A%0AHo%20notato%20che%20avete%20ottime%20recensioni%20ma%20nessun%20sito%20web%2C%20cosi%20ne%20ho%20gia%20preparato%20uno%20per%20voi%2C%20potete%20vederlo%20qui%3A%20https%3A%2F%2Fhubtecit-srl.github.io%2Fwebsite%2Flocanda-pescadoro-bardolino.html%0A%0ASe%20vi%20piace%2C%20lo%20attiviamo%20con%20soli%20200%E2%82%AC.%0A%0AIn%20piu%2C%20se%20volete%20gestirlo%20in%20autonomia%20%28cambiare%20testi%2C%20foto%2C%20orari%E2%80%A6%29%2C%20possiamo%20aggiungere%20un%20gestionale%20semplice%20a%20soli%20100%E2%82%AC.%0A%0AChiaramente%20lo%20possiamo%20modificare%20con%20logo%20e%20altri%20minimi%20dettagli%20vostri.%0A%0ANessun%20impegno%3A%20dateci%20un%27occhiata%20e%20fatemi%20sapere%20cosa%20ne%20pensate%21%0A%0ALaura%20Borin%20-%20HubTec;https://hubtecit-srl.github.io/website/locanda-pescadoro-bardolino.html;Bardolino;2026-07-22
Rituals Hairstyl Diana;320 807 0380;https://wa.me/393208070380?text=Buongiorno%2C%0ASono%20Laura%20di%20HubTec%2C%20azienda%20di%20Verona.%0A%0AHo%20notato%20che%20avete%20ottime%20recensioni%20ma%20nessun%20sito%20web%2C%20cosi%20ne%20ho%20gia%20preparato%20uno%20per%20voi%2C%20potete%20vederlo%20qui%3A%20https%3A%2F%2Fhubtecit-srl.github.io%2Fwebsite%2Frituals-hairstyl-diana-belfiore.html%0A%0ASe%20vi%20piace%2C%20lo%20attiviamo%20con%20soli%20200%E2%82%AC.%0A%0AIn%20piu%2C%20se%20volete%20gestirlo%20in%20autonomia%20%28cambiare%20testi%2C%20foto%2C%20orari%E2%80%A6%29%2C%20possiamo%20aggiungere%20un%20gestionale%20semplice%20a%20soli%20100%E2%82%AC.%0A%0AChiaramente%20lo%20possiamo%20modificare%20con%20logo%20e%20altri%20minimi%20dettagli%20vostri.%0A%0ANessun%20impegno%3A%20dateci%20un%27occhiata%20e%20fatemi%20sapere%20cosa%20ne%20pensate%21%0A%0ALaura%20Borin%20-%20HubTec;https://hubtecit-srl.github.io/website/rituals-hairstyl-diana-belfiore.html;Belfiore;2026-07-22
L'immagine;340 688 5101;https://wa.me/393406885101?text=Buongiorno%2C%0ASono%20Laura%20di%20HubTec%2C%20azienda%20di%20Verona.%0A%0AHo%20notato%20che%20avete%20ottime%20recensioni%20ma%20nessun%20sito%20web%2C%20cosi%20ne%20ho%20gia%20preparato%20uno%20per%20voi%2C%20potete%20vederlo%20qui%3A%20https%3A%2F%2Fhubtecit-srl.github.io%2Fwebsite%2Flimmagine-belfiore.html%0A%0ASe%20vi%20piace%2C%20lo%20attiviamo%20con%20soli%20200%E2%82%AC.%0A%0AIn%20piu%2C%20se%20volete%20gestirlo%20in%20autonomia%20%28cambiare%20testi%2C%20foto%2C%20orari%E2%80%A6%29%2C%20possiamo%20aggiungere%20un%20gestionale%20semplice%20a%20soli%20100%E2%82%AC.%0A%0AChiaramente%20lo%20possiamo%20modificare%20con%20logo%20e%20altri%20minimi%20dettagli%20vostri.%0A%0ANessun%20impegno%3A%20dateci%20un%27occhiata%20e%20fatemi%20sapere%20cosa%20ne%20pensate%21%0A%0ALaura%20Borin%20-%20HubTec;https://hubtecit-srl.github.io/website/limmagine-belfiore.html;Belfiore;2026-07-22
La Locanda;347 234 5300;https://wa.me/393472345300?text=Buongiorno%2C%0ASono%20Laura%20di%20HubTec%2C%20azienda%20di%20Verona.%0A%0AHo%20notato%20che%20avete%20ottime%20recensioni%20ma%20nessun%20sito%20web%2C%20cosi%20ne%20ho%20gia%20preparato%20uno%20per%20voi%2C%20potete%20vederlo%20qui%3A%20https%3A%2F%2Fhubtecit-srl.github.io%2Fwebsite%2Fla-locanda-bardolino.html%0A%0ASe%20vi%20piace%2C%20lo%20attiviamo%20con%20soli%20200%E2%82%AC.%0A%0AIn%20piu%2C%20se%20volete%20gestirlo%20in%20autonomia%20%28cambiare%20testi%2C%20foto%2C%20orari%E2%80%A6%29%2C%20possiamo%20aggiungere%20un%20gestionale%20semplice%20a%20soli%20100%E2%82%AC.%0A%0AChiaramente%20lo%20possiamo%20modificare%20con%20logo%20e%20altri%20minimi%20dettagli%20vostri.%0A%0ANessun%20impegno%3A%20dateci%20un%27occhiata%20e%20fatemi%20sapere%20cosa%20ne%20pensate%21%0A%0ALaura%20Borin%20-%20HubTec;https://hubtecit-srl.github.io/website/la-locanda-bardolino.html;Bardolino;2026-07-22
Agriturismo La Zerpa;045 764 0735;https://wa.me/393467943064?text=Buongiorno%2C%0ASono%20Laura%20di%20HubTec%2C%20azienda%20di%20Verona.%0A%0AHo%20notato%20che%20avete%20ottime%20recensioni%20ma%20nessun%20sito%20web%2C%20cosi%20ne%20ho%20gia%20preparato%20uno%20per%20voi%2C%20potete%20vederlo%20qui%3A%20https%3A%2F%2Fhubtecit-srl.github.io%2Fwebsite%2Fagriturismo-la-zerpa-belfiore.html%0A%0ASe%20vi%20piace%2C%20lo%20attiviamo%20con%20soli%20200%E2%82%AC.%0A%0AIn%20piu%2C%20se%20volete%20gestirlo%20in%20autonomia%20%28cambiare%20testi%2C%20foto%2C%20orari%E2%80%A6%29%2C%20possiamo%20aggiungere%20un%20gestionale%20semplice%20a%20soli%20100%E2%82%AC.%0A%0AChiaramente%20lo%20possiamo%20modificare%20con%20logo%20e%20altri%20minimi%20dettagli%20vostri.%0A%0ANessun%20impegno%3A%20dateci%20un%27occhiata%20e%20fatemi%20sapere%20cosa%20ne%20pensate%21%0A%0ALaura%20Borin%20-%20HubTec;https://hubtecit-srl.github.io/website/agriturismo-la-zerpa-belfiore.html;Belfiore;2026-07-23

Estetica Experience;351 767 3507;https://wa.me/393517673507?text=Buongiorno%2C%0ASono%20Laura%20di%20HubTec%2C%20azienda%20di%20Verona.%0A%0AHo%20notato%20che%20avete%20ottime%20recensioni%20ma%20nessun%20sito%20web%2C%20cosi%20ne%20ho%20gia%20preparato%20uno%20per%20voi%2C%20potete%20vederlo%20qui%3A%20https%3A//hubtecit-srl.github.io/website/estetica-experience-bovolone.html%0A%0ASe%20vi%20piace%2C%20lo%20attiviamo%20con%20soli%20200%E2%82%AC.%0A%0AIn%20piu%2C%20se%20volete%20gestirlo%20in%20autonomia%20%28cambiare%20testi%2C%20foto%2C%20orari%E2%80%A6%29%2C%20possiamo%20aggiungere%20un%20gestionale%20semplice%20a%20soli%20100%E2%82%AC.%0A%0AChiaramente%20lo%20possiamo%20modificare%20con%20logo%20e%20altri%20minimi%20dettagli%20vostri.%0A%0ANessun%20impegno%3A%20dateci%20un%27occhiata%20e%20fatemi%20sapere%20cosa%20ne%20pensate%21%0A%0ALaura%20Borin%20-%20HubTec;https://hubtecit-srl.github.io/website/estetica-experience-bovolone.html;Bovolone;2026-07-23
Ketty Estetica;340 218 2204;https://wa.me/393402182204?text=Buongiorno%2C%0ASono%20Laura%20di%20HubTec%2C%20azienda%20di%20Verona.%0A%0AHo%20notato%20che%20avete%20ottime%20recensioni%20ma%20nessun%20sito%20web%2C%20cosi%20ne%20ho%20gia%20preparato%20uno%20per%20voi%2C%20potete%20vederlo%20qui%3A%20https%3A//hubtecit-srl.github.io/website/ketty-estetica-bovolone.html%0A%0ASe%20vi%20piace%2C%20lo%20attiviamo%20con%20soli%20200%E2%82%AC.%0A%0AIn%20piu%2C%20se%20volete%20gestirlo%20in%20autonomia%20%28cambiare%20testi%2C%20foto%2C%20orari%E2%80%A6%29%2C%20possiamo%20aggiungere%20un%20gestionale%20semplice%20a%20soli%20100%E2%82%AC.%0A%0AChiaramente%20lo%20possiamo%20modificare%20con%20logo%20e%20altri%20minimi%20dettagli%20vostri.%0A%0ANessun%20impegno%3A%20dateci%20un%27occhiata%20e%20fatemi%20sapere%20cosa%20ne%20pensate%21%0A%0ALaura%20Borin%20-%20HubTec;https://hubtecit-srl.github.io/website/ketty-estetica-bovolone.html;Bovolone;2026-07-23
Semplicemente Cassandra;351 996 7157;https://wa.me/393519967157?text=Buongiorno%2C%0ASono%20Laura%20di%20HubTec%2C%20azienda%20di%20Verona.%0A%0AHo%20notato%20che%20avete%20ottime%20recensioni%20ma%20nessun%20sito%20web%2C%20cosi%20ne%20ho%20gia%20preparato%20uno%20per%20voi%2C%20potete%20vederlo%20qui%3A%20https%3A//hubtecit-srl.github.io/website/semplicemente-cassandra-bovolone.html%0A%0ASe%20vi%20piace%2C%20lo%20attiviamo%20con%20soli%20200%E2%82%AC.%0A%0AIn%20piu%2C%20se%20volete%20gestirlo%20in%20autonomia%20%28cambiare%20testi%2C%20foto%2C%20orari%E2%80%A6%29%2C%20possiamo%20aggiungere%20un%20gestionale%20semplice%20a%20soli%20100%E2%82%AC.%0A%0AChiaramente%20lo%20possiamo%20modificare%20con%20logo%20e%20altri%20minimi%20dettagli%20vostri.%0A%0ANessun%20impegno%3A%20dateci%20un%27occhiata%20e%20fatemi%20sapere%20cosa%20ne%20pensate%21%0A%0ALaura%20Borin%20-%20HubTec;https://hubtecit-srl.github.io/website/semplicemente-cassandra-bovolone.html;Bovolone;2026-07-23
Vclass Estetica Avanzata;340 556 2411;https://wa.me/393405562411?text=Buongiorno%2C%0ASono%20Laura%20di%20HubTec%2C%20azienda%20di%20Verona.%0A%0AHo%20notato%20che%20avete%20ottime%20recensioni%20ma%20nessun%20sito%20web%2C%20cosi%20ne%20ho%20gia%20preparato%20uno%20per%20voi%2C%20potete%20vederlo%20qui%3A%20https%3A%2F%2Fhubtecit-srl.github.io%2Fwebsite%2Fvclass-estetica-avanzata-bovolone.html%0A%0ASe%20vi%20piace%2C%20lo%20attiviamo%20con%20soli%20200%E2%82%AC.%0A%0AIn%20piu%2C%20se%20volete%20gestirlo%20in%20autonomia%20%28cambiare%20testi%2C%20foto%2C%20orari%E2%80%A6%29%2C%20possiamo%20aggiungere%20un%20gestionale%20semplice%20a%20soli%20100%E2%82%AC.%0A%0AChiaramente%20lo%20possiamo%20modificare%20con%20logo%20e%20altri%20minimi%20dettagli%20vostri.%0A%0ANessun%20impegno%3A%20dateci%20un%27occhiata%20e%20fatemi%20sapere%20cosa%20ne%20pensate%21%0A%0ALaura%20Borin%20-%20HubTec;https://hubtecit-srl.github.io/website/vclass-estetica-avanzata-bovolone.html;Bovolone;2026-07-23
U3Elisa NAIL SPA Centro Estetico;375 670 1394;https://wa.me/393756701394?text=Buongiorno%2C%0ASono%20Laura%20di%20HubTec%2C%20azienda%20di%20Verona.%0A%0AHo%20notato%20che%20avete%20ottime%20recensioni%20ma%20nessun%20sito%20web%2C%20cosi%20ne%20ho%20gia%20preparato%20uno%20per%20voi%2C%20potete%20vederlo%20qui%3A%20https%3A%2F%2Fhubtecit-srl.github.io%2Fwebsite%2Fu3elisa-nail-spa-bovolone.html%0A%0ASe%20vi%20piace%2C%20lo%20attiviamo%20con%20soli%20200%E2%82%AC.%0A%0AIn%20piu%2C%20se%20volete%20gestirlo%20in%20autonomia%20%28cambiare%20testi%2C%20foto%2C%20orari%E2%80%A6%29%2C%20possiamo%20aggiungere%20un%20gestionale%20semplice%20a%20soli%20100%E2%82%AC.%0A%0AChiaramente%20lo%20possiamo%20modificare%20con%20logo%20e%20altri%20minimi%20dettagli%20vostri.%0A%0ANessun%20impegno%3A%20dateci%20un%27occhiata%20e%20fatemi%20sapere%20cosa%20ne%20pensate%21%0A%0ALaura%20Borin%20-%20HubTec;https://hubtecit-srl.github.io/website/u3elisa-nail-spa-bovolone.html;Bovolone;2026-07-23
Innova Estetica;339 850 5309;https://wa.me/393398505309?text=Buongiorno%2C%0ASono%20Laura%20di%20HubTec%2C%20azienda%20di%20Verona.%0A%0AHo%20notato%20che%20avete%20ottime%20recensioni%20ma%20nessun%20sito%20web%2C%20cosi%20ne%20ho%20gia%20preparato%20uno%20per%20voi%2C%20potete%20vederlo%20qui%3A%20https%3A%2F%2Fhubtecit-srl.github.io%2Fwebsite%2Finnova-estetica-bovolone.html%0A%0ASe%20vi%20piace%2C%20lo%20attiviamo%20con%20soli%20200%E2%82%AC.%0A%0AIn%20piu%2C%20se%20volete%20gestirlo%20in%20autonomia%20%28cambiare%20testi%2C%20foto%2C%20orari%E2%80%A6%29%2C%20possiamo%20aggiungere%20un%20gestionale%20semplice%20a%20soli%20100%E2%82%AC.%0A%0AChiaramente%20lo%20possiamo%20modificare%20con%20logo%20e%20altri%20minimi%20dettagli%20vostri.%0A%0ANessun%20impegno%3A%20dateci%20un%27occhiata%20e%20fatemi%20sapere%20cosa%20ne%20pensate%21%0A%0ALaura%20Borin%20-%20HubTec;https://hubtecit-srl.github.io/website/innova-estetica-bovolone.html;Bovolone;2026-07-23
Centro estetico Karma;392 567 6365;https://wa.me/393925676365?text=Buongiorno%2C%0ASono%20Laura%20di%20HubTec%2C%20azienda%20di%20Verona.%0A%0AHo%20notato%20che%20avete%20ottime%20recensioni%20ma%20nessun%20sito%20web%2C%20cosi%20ne%20ho%20gia%20preparato%20uno%20per%20voi%2C%20potete%20vederlo%20qui%3A%20https%3A%2F%2Fhubtecit-srl.github.io%2Fwebsite%2Fcentro-estetico-karma-bovolone.html%0A%0ASe%20vi%20piace%2C%20lo%20attiviamo%20con%20soli%20200%E2%82%AC.%0A%0AIn%20piu%2C%20se%20volete%20gestirlo%20in%20autonomia%20%28cambiare%20testi%2C%20foto%2C%20orari%E2%80%A6%29%2C%20possiamo%20aggiungere%20un%20gestionale%20semplice%20a%20soli%20100%E2%82%AC.%0A%0AChiaramente%20lo%20possiamo%20modificare%20con%20logo%20e%20altri%20minimi%20dettagli%20vostri.%0A%0ANessun%20impegno%3A%20dateci%20un%27occhiata%20e%20fatemi%20sapere%20cosa%20ne%20pensate%21%0A%0ALaura%20Borin%20-%20HubTec;https://hubtecit-srl.github.io/website/centro-estetico-karma-bovolone.html;Bovolone;2026-07-23
Sorelle Nail Studio;328 422 2598;https://wa.me/393284222598?text=Buongiorno%2C%0ASono%20Laura%20di%20HubTec%2C%20azienda%20di%20Verona.%0A%0AHo%20notato%20che%20avete%20ottime%20recensioni%20ma%20nessun%20sito%20web%2C%20cosi%20ne%20ho%20gia%20preparato%20uno%20per%20voi%2C%20potete%20vederlo%20qui%3A%20https%3A%2F%2Fhubtecit-srl.github.io%2Fwebsite%2Fsorelle-nail-studio-bovolone.html%0A%0ASe%20vi%20piace%2C%20lo%20attiviamo%20con%20soli%20200%E2%82%AC.%0A%0AIn%20piu%2C%20se%20volete%20gestirlo%20in%20autonomia%20%28cambiare%20testi%2C%20foto%2C%20orari%E2%80%A6%29%2C%20possiamo%20aggiungere%20un%20gestionale%20semplice%20a%20soli%20100%E2%82%AC.%0A%0AChiaramente%20lo%20possiamo%20modificare%20con%20logo%20e%20altri%20minimi%20dettagli%20vostri.%0A%0ANessun%20impegno%3A%20dateci%20un%27occhiata%20e%20fatemi%20sapere%20cosa%20ne%20pensate%21%0A%0ALaura%20Borin%20-%20HubTec;https://hubtecit-srl.github.io/website/sorelle-nail-studio-bovolone.html;Bovolone;2026-07-23
EsteticaMente;392 889 9470;https://wa.me/393928899470?text=Buongiorno%2C%0ASono%20Laura%20di%20HubTec%2C%20azienda%20di%20Verona.%0A%0AHo%20notato%20che%20avete%20ottime%20recensioni%20ma%20nessun%20sito%20web%2C%20cosi%20ne%20ho%20gia%20preparato%20uno%20per%20voi%2C%20potete%20vederlo%20qui%3A%20https%3A//hubtecit-srl.github.io/website/esteticamente-bovolone.html%0A%0ASe%20vi%20piace%2C%20lo%20attiviamo%20con%20soli%20200%E2%82%AC.%0A%0AIn%20piu%2C%20se%20volete%20gestirlo%20in%20autonomia%20%28cambiare%20testi%2C%20foto%2C%20orari%E2%80%A6%29%2C%20possiamo%20aggiungere%20un%20gestionale%20semplice%20a%20soli%20100%E2%82%AC.%0A%0AChiaramente%20lo%20possiamo%20modificare%20con%20logo%20e%20altri%20minimi%20dettagli%20vostri.%0A%0ANessun%20impegno%3A%20dateci%20un%27occhiata%20e%20fatemi%20sapere%20cosa%20ne%20pensate%21%0A%0ALaura%20Borin%20-%20HubTec;https://hubtecit-srl.github.io/website/esteticamente-bovolone.html;Bovolone;2026-07-23
Hair Glamour Parrucchieri;393 609 5283;https://wa.me/393936095283?text=Buongiorno%2C%0ASono%20Laura%20di%20HubTec%2C%20azienda%20di%20Verona.%0A%0AHo%20notato%20che%20avete%20ottime%20recensioni%20ma%20nessun%20sito%20web%2C%20cosi%20ne%20ho%20gia%20preparato%20uno%20per%20voi%2C%20potete%20vederlo%20qui%3A%20https%3A//hubtecit-srl.github.io/website/hair-glamour-parrucchieri-bovolone.html%0A%0ASe%20vi%20piace%2C%20lo%20attiviamo%20con%20soli%20200%E2%82%AC.%0A%0AIn%20piu%2C%20se%20volete%20gestirlo%20in%20autonomia%20%28cambiare%20testi%2C%20foto%2C%20orari%E2%80%A6%29%2C%20possiamo%20aggiungere%20un%20gestionale%20semplice%20a%20soli%20100%E2%82%AC.%0A%0AChiaramente%20lo%20possiamo%20modificare%20con%20logo%20e%20altri%20minimi%20dettagli%20vostri.%0A%0ANessun%20impegno%3A%20dateci%20un%27occhiata%20e%20fatemi%20sapere%20cosa%20ne%20pensate%21%0A%0ALaura%20Borin%20-%20HubTec;https://hubtecit-srl.github.io/website/hair-glamour-parrucchieri-bovolone.html;Bovolone;2026-07-23
ARI•AMAÈ;393 251 5112;https://wa.me/393932515112?text=Buongiorno%2C%0ASono%20Laura%20di%20HubTec%2C%20azienda%20di%20Verona.%0A%0AHo%20notato%20che%20avete%20ottime%20recensioni%20ma%20nessun%20sito%20web%2C%20cosi%20ne%20ho%20gia%20preparato%20uno%20per%20voi%2C%20potete%20vederlo%20qui%3A%20https%3A//hubtecit-srl.github.io/website/ari-amae-bovolone.html%0A%0ASe%20vi%20piace%2C%20lo%20attiviamo%20con%20soli%20200%E2%82%AC.%0A%0AIn%20piu%2C%20se%20volete%20gestirlo%20in%20autonomia%20%28cambiare%20testi%2C%20foto%2C%20orari%E2%80%A6%29%2C%20possiamo%20aggiungere%20un%20gestionale%20semplice%20a%20soli%20100%E2%82%AC.%0A%0AChiaramente%20lo%20possiamo%20modificare%20con%20logo%20e%20altri%20minimi%20dettagli%20vostri.%0A%0ANessun%20impegno%3A%20dateci%20un%27occhiata%20e%20fatemi%20sapere%20cosa%20ne%20pensate%21%0A%0ALaura%20Borin%20-%20HubTec;https://hubtecit-srl.github.io/website/ari-amae-bovolone.html;Bovolone;2026-07-23
Tanja Hair Studio;348 559 1287;https://wa.me/393485591287?text=Buongiorno%2C%0ASono%20Laura%20di%20HubTec%2C%20azienda%20di%20Verona.%0A%0AHo%20notato%20che%20avete%20ottime%20recensioni%20ma%20nessun%20sito%20web%2C%20cosi%20ne%20ho%20gia%20preparato%20uno%20per%20voi%2C%20potete%20vederlo%20qui%3A%20https%3A//hubtecit-srl.github.io/website/tanja-hair-studio-bovolone.html%0A%0ASe%20vi%20piace%2C%20lo%20attiviamo%20con%20soli%20200%E2%82%AC.%0A%0AIn%20piu%2C%20se%20volete%20gestirlo%20in%20autonomia%20%28cambiare%20testi%2C%20foto%2C%20orari%E2%80%A6%29%2C%20possiamo%20aggiungere%20un%20gestionale%20semplice%20a%20soli%20100%E2%82%AC.%0A%0AChiaramente%20lo%20possiamo%20modificare%20con%20logo%20e%20altri%20minimi%20dettagli%20vostri.%0A%0ANessun%20impegno%3A%20dateci%20un%27occhiata%20e%20fatemi%20sapere%20cosa%20ne%20pensate%21%0A%0ALaura%20Borin%20-%20HubTec;https://hubtecit-srl.github.io/website/tanja-hair-studio-bovolone.html;Bovolone;2026-07-23
Vanity Hair;352 004 2640;https://wa.me/393520042640?text=Buongiorno%2C%0ASono%20Laura%20di%20HubTec%2C%20azienda%20di%20Verona.%0A%0AHo%20notato%20che%20avete%20ottime%20recensioni%20ma%20nessun%20sito%20web%2C%20cosi%20ne%20ho%20gia%20preparato%20uno%20per%20voi%2C%20potete%20vederlo%20qui%3A%20https%3A//hubtecit-srl.github.io/website/vanity-hair-bovolone.html%0A%0ASe%20vi%20piace%2C%20lo%20attiviamo%20con%20soli%20200%E2%82%AC.%0A%0AIn%20piu%2C%20se%20volete%20gestirlo%20in%20autonomia%20%28cambiare%20testi%2C%20foto%2C%20orari%E2%80%A6%29%2C%20possiamo%20aggiungere%20un%20gestionale%20semplice%20a%20soli%20100%E2%82%AC.%0A%0AChiaramente%20lo%20possiamo%20modificare%20con%20logo%20e%20altri%20minimi%20dettagli%20vostri.%0A%0ANessun%20impegno%3A%20dateci%20un%27occhiata%20e%20fatemi%20sapere%20cosa%20ne%20pensate%21%0A%0ALaura%20Borin%20-%20HubTec;https://hubtecit-srl.github.io/website/vanity-hair-bovolone.html;Bovolone;2026-07-23
J&T HAIR;377 882 8236;https://wa.me/393778828236?text=Buongiorno%2C%0ASono%20Laura%20di%20HubTec%2C%20azienda%20di%20Verona.%0A%0AHo%20notato%20che%20avete%20ottime%20recensioni%20ma%20nessun%20sito%20web%2C%20cosi%20ne%20ho%20gia%20preparato%20uno%20per%20voi%2C%20potete%20vederlo%20qui%3A%20https%3A//hubtecit-srl.github.io/website/jt-hair-bovolone.html%0A%0ASe%20vi%20piace%2C%20lo%20attiviamo%20con%20soli%20200%E2%82%AC.%0A%0AIn%20piu%2C%20se%20volete%20gestirlo%20in%20autonomia%20%28cambiare%20testi%2C%20foto%2C%20orari%E2%80%A6%29%2C%20possiamo%20aggiungere%20un%20gestionale%20semplice%20a%20soli%20100%E2%82%AC.%0A%0AChiaramente%20lo%20possiamo%20modificare%20con%20logo%20e%20altri%20minimi%20dettagli%20vostri.%0A%0ANessun%20impegno%3A%20dateci%20un%27occhiata%20e%20fatemi%20sapere%20cosa%20ne%20pensate%21%0A%0ALaura%20Borin%20-%20HubTec;https://hubtecit-srl.github.io/website/jt-hair-bovolone.html;Bovolone;2026-07-23
HairLove di Giorgia Tarocco;345 599 5697;https://wa.me/393455995697?text=Buongiorno%2C%0ASono%20Laura%20di%20HubTec%2C%20azienda%20di%20Verona.%0A%0AHo%20notato%20che%20avete%20ottime%20recensioni%20ma%20nessun%20sito%20web%2C%20cosi%20ne%20ho%20gia%20preparato%20uno%20per%20voi%2C%20potete%20vederlo%20qui%3A%20https%3A%2F%2Fhubtecit-srl.github.io%2Fwebsite%2Fhairlove-giorgia-tarocco-bovolone.html%0A%0ASe%20vi%20piace%2C%20lo%20attiviamo%20con%20soli%20200%E2%82%AC.%0A%0AIn%20piu%2C%20se%20volete%20gestirlo%20in%20autonomia%20%28cambiare%20testi%2C%20foto%2C%20orari%E2%80%A6%29%2C%20possiamo%20aggiungere%20un%20gestionale%20semplice%20a%20soli%20100%E2%82%AC.%0A%0AChiaramente%20lo%20possiamo%20modificare%20con%20logo%20e%20altri%20minimi%20dettagli%20vostri.%0A%0ANessun%20impegno%3A%20dateci%20un%27occhiata%20e%20fatemi%20sapere%20cosa%20ne%20pensate%21%0A%0ALaura%20Borin%20-%20HubTec;https://hubtecit-srl.github.io/website/hairlove-giorgia-tarocco-bovolone.html;Bovolone;2026-07-23
BM Hair Solution | Metodo Corè;340 789 4110;https://wa.me/393407894110?text=Buongiorno%2C%0ASono%20Laura%20di%20HubTec%2C%20azienda%20di%20Verona.%0A%0AHo%20notato%20che%20avete%20ottime%20recensioni%20ma%20nessun%20sito%20web%2C%20cosi%20ne%20ho%20gia%20preparato%20uno%20per%20voi%2C%20potete%20vederlo%20qui%3A%20https%3A%2F%2Fhubtecit-srl.github.io%2Fwebsite%2Fbm-hair-solution-bovolone.html%0A%0ASe%20vi%20piace%2C%20lo%20attiviamo%20con%20soli%20200%E2%82%AC.%0A%0AIn%20piu%2C%20se%20volete%20gestirlo%20in%20autonomia%20%28cambiare%20testi%2C%20foto%2C%20orari%E2%80%A6%29%2C%20possiamo%20aggiungere%20un%20gestionale%20semplice%20a%20soli%20100%E2%82%AC.%0A%0AChiaramente%20lo%20possiamo%20modificare%20con%20logo%20e%20altri%20minimi%20dettagli%20vostri.%0A%0ANessun%20impegno%3A%20dateci%20un%27occhiata%20e%20fatemi%20sapere%20cosa%20ne%20pensate%21%0A%0ALaura%20Borin%20-%20HubTec;https://hubtecit-srl.github.io/website/bm-hair-solution-bovolone.html;Bovolone;2026-07-23

Marina élite image;348 936 1845;https://wa.me/393489361845?text=Buongiorno%2C%0ASono%20Laura%20di%20HubTec%2C%20azienda%20di%20Verona.%0A%0AHo%20notato%20che%20avete%20ottime%20recensioni%20ma%20nessun%20sito%20web%2C%20cosi%20ne%20ho%20gia%20preparato%20uno%20per%20voi%2C%20potete%20vederlo%20qui%3A%20https%3A%2F%2Fhubtecit-srl.github.io%2Fwebsite%2Fmarina-elite-image-bovolone.html%0A%0ASe%20vi%20piace%2C%20lo%20attiviamo%20con%20soli%20200%E2%82%AC.%0A%0AIn%20piu%2C%20se%20volete%20gestirlo%20in%20autonomia%20%28cambiare%20testi%2C%20foto%2C%20orari%E2%80%A6%29%2C%20possiamo%20aggiungere%20un%20gestionale%20semplice%20a%20soli%20100%E2%82%AC.%0A%0AChiaramente%20lo%20possiamo%20modificare%20con%20logo%20e%20altri%20minimi%20dettagli%20vostri.%0A%0ANessun%20impegno%3A%20dateci%20un%27occhiata%20e%20fatemi%20sapere%20cosa%20ne%20pensate%21%0A%0ALaura%20Borin%20-%20HubTec;https://hubtecit-srl.github.io/website/marina-elite-image-bovolone.html;Bovolone;2026-07-23
Luxury Barbershop;379 187 3762;https://wa.me/393791873762?text=Buongiorno%2C%0ASono%20Laura%20di%20HubTec%2C%20azienda%20di%20Verona.%0A%0AHo%20notato%20che%20avete%20ottime%20recensioni%20ma%20nessun%20sito%20web%2C%20cosi%20ne%20ho%20gia%20preparato%20uno%20per%20voi%2C%20potete%20vederlo%20qui%3A%20https%3A%2F%2Fhubtecit-srl.github.io%2Fwebsite%2Fluxury-barbershop-bovolone.html%0A%0ASe%20vi%20piace%2C%20lo%20attiviamo%20con%20soli%20200%E2%82%AC.%0A%0AIn%20piu%2C%20se%20volete%20gestirlo%20in%20autonomia%20%28cambiare%20testi%2C%20foto%2C%20orari%E2%80%A6%29%2C%20possiamo%20aggiungere%20un%20gestionale%20semplice%20a%20soli%20100%E2%82%AC.%0A%0AChiaramente%20lo%20possiamo%20modificare%20con%20logo%20e%20altri%20minimi%20dettagli%20vostri.%0A%0ANessun%20impegno%3A%20dateci%20un%27occhiata%20e%20fatemi%20sapere%20cosa%20ne%20pensate%21%0A%0ALaura%20Borin%20-%20HubTec;https://hubtecit-srl.github.io/website/luxury-barbershop-bovolone.html;Bovolone;2026-07-23
Parrucchiere Ginetto;349 527 3243;https://wa.me/393495273243?text=Buongiorno%2C%0ASono%20Laura%20di%20HubTec%2C%20azienda%20di%20Verona.%0A%0AHo%20notato%20che%20avete%20ottime%20recensioni%20ma%20nessun%20sito%20web%2C%20cosi%20ne%20ho%20gia%20preparato%20uno%20per%20voi%2C%20potete%20vederlo%20qui%3A%20https%3A%2F%2Fhubtecit-srl.github.io%2Fwebsite%2Fparrucchiere-ginetto-bovolone.html%0A%0ASe%20vi%20piace%2C%20lo%20attiviamo%20con%20soli%20200%E2%82%AC.%0A%0AIn%20piu%2C%20se%20volete%20gestirlo%20in%20autonomia%20%28cambiare%20testi%2C%20foto%2C%20orari%E2%80%A6%29%2C%20possiamo%20aggiungere%20un%20gestionale%20semplice%20a%20soli%20100%E2%82%AC.%0A%0AChiaramente%20lo%20possiamo%20modificare%20con%20logo%20e%20altri%20minimi%20dettagli%20vostri.%0A%0ANessun%20impegno%3A%20dateci%20un%27occhiata%20e%20fatemi%20sapere%20cosa%20ne%20pensate%21%0A%0ALaura%20Borin%20-%20HubTec;https://hubtecit-srl.github.io/website/parrucchiere-ginetto-bovolone.html;Bovolone;2026-07-23
Salone Lorella LeieLui;349 422 5644;https://wa.me/393494225644?text=Buongiorno%2C%0ASono%20Laura%20di%20HubTec%2C%20azienda%20di%20Verona.%0A%0AHo%20notato%20che%20avete%20ottime%20recensioni%20ma%20nessun%20sito%20web%2C%20cosi%20ne%20ho%20gia%20preparato%20uno%20per%20voi%2C%20potete%20vederlo%20qui%3A%20https%3A%2F%2Fhubtecit-srl.github.io%2Fwebsite%2Fsalone-lorella-leielui-bovolone.html%0A%0ASe%20vi%20piace%2C%20lo%20attiviamo%20con%20soli%20200%E2%82%AC.%0A%0AIn%20piu%2C%20se%20volete%20gestirlo%20in%20autonomia%20%28cambiare%20testi%2C%20foto%2C%20orari%E2%80%A6%29%2C%20possiamo%20aggiungere%20un%20gestionale%20semplice%20a%20soli%20100%E2%82%AC.%0A%0AChiaramente%20lo%20possiamo%20modificare%20con%20logo%20e%20altri%20minimi%20dettagli%20vostri.%0A%0ANessun%20impegno%3A%20dateci%20un%27occhiata%20e%20fatemi%20sapere%20cosa%20ne%20pensate%21%0A%0ALaura%20Borin%20-%20HubTec;https://hubtecit-srl.github.io/website/salone-lorella-leielui-bovolone.html;Bovolone;2026-07-23
Chinato Federica;348 670 3666;https://wa.me/393486703666?text=Buongiorno%2C%0ASono%20Laura%20di%20HubTec%2C%20azienda%20di%20Verona.%0A%0AHo%20notato%20che%20avete%20ottime%20recensioni%20ma%20nessun%20sito%20web%2C%20cosi%20ne%20ho%20gia%20preparato%20uno%20per%20voi%2C%20potete%20vederlo%20qui%3A%20https%3A%2F%2Fhubtecit-srl.github.io%2Fwebsite%2Fchinato-federica-bovolone.html%0A%0ASe%20vi%20piace%2C%20lo%20attiviamo%20con%20soli%20200%E2%82%AC.%0A%0AIn%20piu%2C%20se%20volete%20gestirlo%20in%20autonomia%20%28cambiare%20testi%2C%20foto%2C%20orari%E2%80%A6%29%2C%20possiamo%20aggiungere%20un%20gestionale%20semplice%20a%20soli%20100%E2%82%AC.%0A%0AChiaramente%20lo%20possiamo%20modificare%20con%20logo%20e%20altri%20minimi%20dettagli%20vostri.%0A%0ANessun%20impegno%3A%20dateci%20un%27occhiata%20e%20fatemi%20sapere%20cosa%20ne%20pensate%21%0A%0ALaura%20Borin%20-%20HubTec;https://hubtecit-srl.github.io/website/chinato-federica-bovolone.html;Bovolone;2026-07-23
Moda Capelli di Giacon Stefano;348 408 2293;https://wa.me/393484082293?text=Buongiorno%2C%0ASono%20Laura%20di%20HubTec%2C%20azienda%20di%20Verona.%0A%0AHo%20notato%20che%20avete%20ottime%20recensioni%20ma%20nessun%20sito%20web%2C%20cosi%20ne%20ho%20gia%20preparato%20uno%20per%20voi%2C%20potete%20vederlo%20qui%3A%20https%3A%2F%2Fhubtecit-srl.github.io%2Fwebsite%2Fmoda-capelli-giacon-bovolone.html%0A%0ASe%20vi%20piace%2C%20lo%20attiviamo%20con%20soli%20200%E2%82%AC.%0A%0AIn%20piu%2C%20se%20volete%20gestirlo%20in%20autonomia%20%28cambiare%20testi%2C%20foto%2C%20orari%E2%80%A6%29%2C%20possiamo%20aggiungere%20un%20gestionale%20semplice%20a%20soli%20100%E2%82%AC.%0A%0AChiaramente%20lo%20possiamo%20modificare%20con%20logo%20e%20altri%20minimi%20dettagli%20vostri.%0A%0ANessun%20impegno%3A%20dateci%20un%27occhiata%20e%20fatemi%20sapere%20cosa%20ne%20pensate%21%0A%0ALaura%20Borin%20-%20HubTec;https://hubtecit-srl.github.io/website/moda-capelli-giacon-bovolone.html;Bovolone;2026-07-23
Strada Facendo Ristorante Pizzeria;347 828 8383;https://wa.me/393478288383?text=Buongiorno%2C%0ASono%20Laura%20di%20HubTec%2C%20azienda%20di%20Verona.%0A%0AHo%20notato%20che%20avete%20ottime%20recensioni%20ma%20nessun%20sito%20web%2C%20cosi%20ne%20ho%20gia%20preparato%20uno%20per%20voi%2C%20potete%20vederlo%20qui%3A%20https%3A%2F%2Fhubtecit-srl.github.io%2Fwebsite%2Fstrada-facendo-bovolone.html%0A%0ASe%20vi%20piace%2C%20lo%20attiviamo%20con%20soli%20200%E2%82%AC.%0A%0AIn%20piu%2C%20se%20volete%20gestirlo%20in%20autonomia%20%28cambiare%20testi%2C%20foto%2C%20orari%E2%80%A6%29%2C%20possiamo%20aggiungere%20un%20gestionale%20semplice%20a%20soli%20100%E2%82%AC.%0A%0AChiaramente%20lo%20possiamo%20modificare%20con%20logo%20e%20altri%20minimi%20dettagli%20vostri.%0A%0ANessun%20impegno%3A%20dateci%20un%27occhiata%20e%20fatemi%20sapere%20cosa%20ne%20pensate%21%0A%0ALaura%20Borin%20-%20HubTec;https://hubtecit-srl.github.io/website/strada-facendo-bovolone.html;Bovolone;2026-07-23
SUSAN;334 241 8654;https://wa.me/393342418654?text=Buongiorno%2C%0ASono%20Laura%20di%20HubTec%2C%20azienda%20di%20Verona.%0A%0AHo%20notato%20che%20avete%20ottime%20recensioni%20ma%20nessun%20sito%20web%2C%20cosi%20ne%20ho%20gia%20preparato%20uno%20per%20voi%2C%20potete%20vederlo%20qui%3A%20https%3A%2F%2Fhubtecit-srl.github.io%2Fwebsite%2Fsusan-bovolone.html%0A%0ASe%20vi%20piace%2C%20lo%20attiviamo%20con%20soli%20200%E2%82%AC.%0A%0AIn%20piu%2C%20se%20volete%20gestirlo%20in%20autonomia%20%28cambiare%20testi%2C%20foto%2C%20orari%E2%80%A6%29%2C%20possiamo%20aggiungere%20un%20gestionale%20semplice%20a%20soli%20100%E2%82%AC.%0A%0AChiaramente%20lo%20possiamo%20modificare%20con%20logo%20e%20altri%20minimi%20dettagli%20vostri.%0A%0ANessun%20impegno%3A%20dateci%20un%27occhiata%20e%20fatemi%20sapere%20cosa%20ne%20pensate%21%0A%0ALaura%20Borin%20-%20HubTec;https://hubtecit-srl.github.io/website/susan-bovolone.html;Bovolone;2026-07-23
Osteria Pizol;388 158 1483;https://wa.me/393881581483?text=Buongiorno%2C%0ASono%20Laura%20di%20HubTec%2C%20azienda%20di%20Verona.%0A%0AHo%20notato%20che%20avete%20ottime%20recensioni%20ma%20nessun%20sito%20web%2C%20cosi%20ne%20ho%20gia%20preparato%20uno%20per%20voi%2C%20potete%20vederlo%20qui%3A%20https%3A%2F%2Fhubtecit-srl.github.io%2Fwebsite%2Fosteria-pizol-bovolone.html%0A%0ASe%20vi%20piace%2C%20lo%20attiviamo%20con%20soli%20200%E2%82%AC.%0A%0AIn%20piu%2C%20se%20volete%20gestirlo%20in%20autonomia%20%28cambiare%20testi%2C%20foto%2C%20orari%E2%80%A6%29%2C%20possiamo%20aggiungere%20un%20gestionale%20semplice%20a%20soli%20100%E2%82%AC.%0A%0AChiaramente%20lo%20possiamo%20modificare%20con%20logo%20e%20altri%20minimi%20dettagli%20vostri.%0A%0ANessun%20impegno%3A%20dateci%20un%27occhiata%20e%20fatemi%20sapere%20cosa%20ne%20pensate%21%0A%0ALaura%20Borin%20-%20HubTec;https://hubtecit-srl.github.io/website/osteria-pizol-bovolone.html;Bovolone;2026-07-23
